date,bodyweight,exercise,weight,reps,rir,notes,bw_pct,internal_weight,est_1RM
2025-10-08,55.9,Roman Chair Side Bend,6.0,10.0,,,0.3,16.77,12.8
2025-10-08,55.9,Roman Chair Side Bend,8.0,13.0,,,0.3,16.77,17.9
2025-10-08,55.9,Roman Chair Side Bend,10.0,13.0,,,0.3,16.77,20.7
2025-10-08,55.9,Roman Chair Side Bend,6.0,5.0,,,0.3,16.77,9.0
2025-10-08,55.9,Roman Chair Side Bend,2.0,8.0,,,0.3,16.77,6.4
2025-10-08,55.9,Smith Machine Incline Close Grip Push Up,,1.0,,"3, 20 cm.",1.0,55.9,-0.1
2025-10-08,55.9,Smith Machine Incline Close Grip Push Up,,4.0,,4,1.0,55.9,5.5
2025-10-08,55.9,Machine Back Extension,52.5,12.0,,,,,
2025-10-08,55.9,Machine Back Extension,60.0,6.0,,,,,
2025-10-08,55.9,Machine Back Extension,45.0,13.0,,,,,
2025-10-08,55.9,Machine Back Extension,22.0,13.0,,,,,
2025-10-02,55.2,Roman Chair Side Bend,6.5,15.0,,Dariau su kaire,0.3,16.56,17.2
2025-10-02,55.2,Roman Chair Side Bend,6.5,11.0,,Dariau su desine,0.3,16.56,14.2
2025-10-02,55.2,Roman Chair Side Bend,8.0,15.0,,,0.3,16.56,19.4
2025-10-02,55.2,Roman Chair Side Bend,4.0,11.0,,,0.3,16.56,10.8
2025-10-02,55.2,Roman Chair Side Bend,,9.0,,,0.3,16.56,4.4
2025-10-02,55.2,Smith Machine Single Leg Deadlift,30.0,10.0,,,0.2,11.040000000000001,42.3
2025-10-02,55.2,Smith Machine Single Leg Deadlift,30.0,10.0,,,0.2,11.040000000000001,42.3
2025-10-02,55.2,Smith Machine Incline Close Grip Push Up,,7.0,,3,1.0,55.2,11.0
2025-10-02,55.2,Smith Machine Incline Close Grip Push Up,,3.0,,"3, 20 cm.",1.0,55.2,3.6
2025-10-02,55.2,Smith Machine Incline Close Grip Push Up,,2.0,,3,1.0,55.2,1.8
2025-10-02,55.2,Smith Machine Incline Close Grip Push Up,,3.0,,4,1.0,55.2,3.6
2025-10-02,55.2,Sled Leg Press,20.0,16.0,,,0.1,5.5200000000000005,32.7
2025-09-25,55.2,Single leg back extension,15.0,11.0,,,0.4,22.080000000000002,27.3
2025-09-25,55.2,Single leg back extension,15.0,15.0,,2 zalios gumos,0.4,22.080000000000002,32.2
2025-09-25,55.2,Single leg back extension,22.5,13.0,,,0.4,22.080000000000002,40.3
2025-09-25,55.2,Roman Chair Side Bend,5.0,10.0,,,0.3,16.56,11.4
2025-09-25,55.2,Roman Chair Side Bend,1.0,20.0,,,0.3,16.56,12.1
2025-09-25,55.2,Push Ups,,1.0,,,1.0,55.2,-0.1
2025-09-25,55.2,Smith Machine Incline Close Grip Push Up,,2.0,,"3, 20 cm.",1.0,55.2,1.8
2025-09-25,55.2,Smith Machine Incline Close Grip Push Up,,3.0,,"3, 10 cm.",1.0,55.2,3.6
2025-09-25,55.2,Smith Machine Incline Close Grip Push Up,,4.0,,3,1.0,55.2,5.5
2025-09-25,55.2,Smith Machine Incline Close Grip Push Up,,7.0,,4,1.0,55.2,11.0
2025-09-25,55.2,Smith Machine Incline Close Grip Push Up,,4.0,,5,1.0,55.2,5.5
2025-09-25,55.2,Smith Machine Squat,27.0,7.0,,,0.6,33.12,39.0
2025-09-25,55.2,Smith Machine Squat,27.0,7.0,,,0.6,33.12,39.0
2025-09-25,55.2,Smith Machine Squat,25.0,8.0,,,0.6,33.12,38.5
2025-09-23,55.2,Single leg back extension,10.0,14.0,,Desine dirbo,0.4,22.080000000000002,23.9
2025-09-23,55.2,Single leg back extension,12.0,12.0,,Kaire dirbo,0.4,22.080000000000002,24.4
2025-09-23,55.2,Single leg back extension,15.0,10.0,,,0.4,22.080000000000002,26.1
2025-09-23,55.2,Roman Chair Side Bend,5.0,10.0,,Dirbo desine,0.3,16.56,11.4
2025-09-23,55.2,Roman Chair Side Bend,10.0,5.0,,Dirbo kaire,0.3,16.56,13.5
2025-09-23,55.2,Leg Extension,40.0,7.0,,,0.05,2.7600000000000002,48.5
2025-09-23,55.2,Leg Extension,30.0,5.0,,,0.05,2.7600000000000002,34.3
2025-09-23,55.2,Leg Extension,20.0,5.0,,,0.05,2.7600000000000002,23.0
2025-09-23,55.2,Smith Machine Incline Close Grip Push Up,,3.0,,"3, 10 cm.kojos",1.0,55.2,3.6
2025-09-23,55.2,Smith Machine Incline Close Grip Push Up,,4.0,,3. 10 cm.,1.0,55.2,5.5
2025-09-23,55.2,Smith Machine Incline Close Grip Push Up,,7.0,,3,1.0,55.2,11.0
2025-09-23,55.2,Smith Machine Incline Close Grip Push Up,,3.0,,4,1.0,55.2,3.6
2025-09-23,55.2,Smith Machine Incline Close Grip Push Up,,7.0,,5,1.0,55.2,11.0
2025-09-23,55.2,Smith Machine Squat,15.0,10.0,,,0.6,33.12,29.4
2025-09-23,55.2,Smith Machine Squat,20.0,5.0,,,0.6,33.12,27.0
2025-09-23,55.2,Smith Machine Squat,15.0,7.0,,,0.6,33.12,24.6
2025-09-23,55.2,Smith Machine Squat,10.0,4.0,,,0.6,33.12,14.3
2025-09-19,55.2,Lying Leg Curl,22.0,3.0,,,0.05,2.7600000000000002,23.6
2025-09-19,55.2,Leg Extension,30.0,5.0,,,0.05,2.7600000000000002,34.3
2025-09-19,55.2,Single leg back extension,1.0,12.0,,,0.4,22.080000000000002,9.4
2025-09-19,55.2,Single leg back extension,7.5,10.0,,,0.4,22.080000000000002,16.3
2025-09-19,55.2,Back Extension,,12.0,,SL,0.4,22.080000000000002,8.1
2025-09-19,55.2,Hip Thrust,60.0,1.0,,,0.4,22.080000000000002,59.9
2025-09-19,55.2,Hip Thrust,62.5,10.0,,,0.4,22.080000000000002,87.8
2025-09-19,55.2,Hip Thrust,62.5,10.0,,,0.4,22.080000000000002,87.8
2025-09-19,55.2,Hip Thrust,40.0,10.0,,,0.4,22.080000000000002,58.5
2025-09-19,55.2,Hip Thrust,30.0,10.0,,,0.4,22.080000000000002,45.6
2025-09-19,55.2,Push Ups,,5.0,,Squat rack po 2,1.0,55.2,7.3
2025-09-19,55.2,Push Ups,,4.0,,Squat rack po 2,1.0,55.2,5.5
2025-09-16,55.2,Roman Chair Side Bend,8.0,2.0,,,0.3,16.56,8.8
2025-09-16,55.2,Roman Chair Side Bend,9.0,2.0,,,0.3,16.56,9.8
2025-09-16,55.2,Roman Chair Side Bend,10.0,2.0,,Su kaire puse nepadariau,0.3,16.56,10.9
2025-09-16,55.2,Roman Chair Side Bend,10.0,10.0,,,0.3,16.56,17.9
2025-09-16,55.2,Roman Chair Side Bend,5.0,13.0,,Silpnoji,0.3,16.56,13.6
2025-09-16,55.2,Leg Extension,35.0,10.0,,,0.05,2.7600000000000002,46.3
2025-09-16,55.2,Leg Extension,40.0,5.0,,,0.05,2.7600000000000002,45.7
2025-09-16,55.2,Leg Extension,45.0,7.0,,,0.05,2.7600000000000002,54.5
2025-09-16,55.2,Leg Extension,45.0,5.0,,,0.05,2.7600000000000002,51.3
2025-09-16,55.2,Leg Extension,40.0,2.0,,,0.05,2.7600000000000002,41.4
2025-09-16,55.2,Leg Extension,30.0,4.0,,,0.05,2.7600000000000002,33.2
2025-09-16,55.2,Leg Extension,20.0,4.0,,,0.05,2.7600000000000002,22.3
2025-09-16,55.2,Leg Extension,1.0,6.0,,,0.05,2.7600000000000002,1.6
2025-09-16,55.2,Smith Machine Incline Close Grip Push Up,,1.0,,3,1.0,55.2,-0.1
2025-09-16,55.2,Smith Machine Incline Close Grip Push Up,,1.0,,Pakelta 10cm,1.0,55.2,-0.1
2025-09-16,55.2,Smith Machine Incline Close Grip Push Up,,1.0,,20cm,1.0,55.2,-0.1
2025-09-16,55.2,Hip Thrust,50.0,6.0,,,0.4,22.080000000000002,61.9
2025-09-16,55.2,Hip Thrust,65.0,2.0,,,0.4,22.080000000000002,67.8
2025-09-16,55.2,Push Ups,,1.0,,,1.0,55.2,-0.1
2025-09-16,55.2,Push Ups,,1.0,,Pakelta and rankenu,1.0,55.2,-0.1
2025-09-16,55.2,Push Ups,,10.0,,Nuo keliu ant rankenu + dropsets,1.0,55.2,16.5
2025-09-11,55.2,Lying Leg Curl,22.5,4.0,,,0.05,2.7600000000000002,25.0
2025-09-11,55.2,Lying Leg Curl,25.5,1.0,,,0.05,2.7600000000000002,25.5
2025-09-11,55.2,Lying Leg Curl,25.5,2.0,,,0.05,2.7600000000000002,26.4
2025-09-11,55.2,Lying Leg Curl,18.0,10.0,,,0.05,2.7600000000000002,24.2
2025-09-11,55.2,Leg Extension,1.0,20.0,,,0.05,2.7600000000000002,3.4
2025-09-11,55.2,Leg Extension,10.0,30.0,,,0.05,2.7600000000000002,22.3
2025-09-11,55.2,Leg Extension,15.0,20.0,,,0.05,2.7600000000000002,26.2
2025-09-11,55.2,Leg Extension,10.0,5.0,,,0.05,2.7600000000000002,11.7
2025-09-11,55.2,Leg Extension,1.0,7.0,,,0.05,2.7600000000000002,1.7
2025-09-11,55.2,Leg Extension,30.0,10.0,,,0.05,2.7600000000000002,39.8
2025-09-11,55.2,Smith Machine Incline Close Grip Push Up,,6.0,,3,1.0,55.2,9.1
2025-09-11,55.2,Smith Machine Incline Close Grip Push Up,,5.0,,3,1.0,55.2,7.3
2025-09-11,55.2,Push Ups,,1.0,,,1.0,55.2,-0.1
2025-09-11,55.2,Dumbbell Curl,6.0,8.0,,,0.0,0.0,7.4
2025-09-11,55.2,Dumbbell Curl,7.0,5.0,,,0.0,0.0,7.9
2025-09-11,55.2,Dumbbell Curl,8.0,1.0,,,0.0,0.0,8.0
2025-09-11,55.2,Side Plank,,,,,1.0,55.2,
2025-09-11,55.2,Hip Thrust,60.0,3.0,,,0.4,22.080000000000002,65.4
2025-09-11,55.2,Hip Thrust,50.0,10.0,,,0.4,22.080000000000002,71.5
2025-09-02,55.7,Machine Calf Raise,36.0,15.0,,,1.0,55.7,78.7
2025-09-02,55.7,Lying Leg Curl,22.0,8.0,,,0.05,2.785,27.8
2025-09-02,55.7,Leg Extension,15.0,11.0,,,0.05,2.785,20.9
2025-09-02,55.7,Smith Machine Incline Close Grip Push Up,,6.0,,4,1.0,55.7,9.2
2025-09-02,55.7,Dumbbell Curl,4.0,10.0,,,0.0,0.0,5.2
2025-09-02,55.7,Dumbbell Curl,5.0,13.0,,,0.0,0.0,7.0
2025-08-14,56.3,Lying Leg Curl,19.0,14.0,,,0.05,2.815,28.4
2025-08-14,56.3,Lying Leg Curl,22.0,7.0,,,0.05,2.815,26.9
2025-08-14,56.3,Lying Leg Curl,22.0,7.0,,,0.05,2.815,26.9
2025-08-14,56.3,Machine Calf Raise,36.0,20.0,,,1.0,56.3,94.3
2025-08-14,56.3,Machine Calf Raise,38.0,16.0,,,1.0,56.3,85.0
2025-08-14,56.3,Machine Calf Raise,38.0,15.0,,,1.0,56.3,81.9
2025-08-14,56.3,Leg Extension,7.0,30.0,,Pradzioje jautesi kaurio kelio vidine puse,0.05,2.815,16.5
2025-08-14,56.3,Leg Extension,15.0,30.0,,,0.05,2.815,32.2
2025-08-14,56.3,Leg Extension,15.0,14.0,,"Pradejo skaudet kaires kojos virs kelio, raumeny",0.05,2.815,22.7
2025-08-14,56.3,Side Plank,,,,,1.0,56.3,
2025-08-14,56.3,Side Plank,,,,,1.0,56.3,
2025-08-05,56.3,Lying Leg Curl,19.0,10.0,,,0.05,2.815,25.5
2025-08-05,56.3,Machine Calf Raise,31.0,21.0,,,1.0,56.3,89.1
2025-08-05,56.3,Machine Calf Raise,36.0,19.0,,,1.0,56.3,91.2
2025-08-05,56.3,Machine Calf Raise,36.0,19.0,,,1.0,56.3,91.2
2025-08-05,56.3,Lying leg curl single leg,7.0,1.0,,Guma 2 kaire (sukasi klubai),0.05,2.815,7.0
2025-08-05,56.3,Lying leg curl single leg,7.0,6.0,,Desine koja,0.05,2.815,8.6
2025-08-05,56.3,Lying leg curl single leg,7.0,10.0,,Desine koja,0.05,2.815,9.9
2025-08-05,56.3,Lying leg curl single leg,7.0,17.0,,Kaire koja,0.05,2.815,12.2
2025-08-05,56.3,Leg Extension,7.5,17.0,,,0.05,2.815,13.0
2025-08-05,56.3,Leg Extension,7.5,24.0,,,0.05,2.815,15.4
2025-08-05,56.3,Leg Extension,10.0,20.0,,,0.05,2.815,18.1
2025-08-05,56.3,Side Plank,,,,Kelias (kita 55,1.0,56.3,
2025-08-05,56.3,Side Plank,,,,R ant dezes,1.0,56.3,
2025-08-05,56.3,Side Plank,,,,L ant dezes (zemiau,1.0,56.3,
2025-07-29,56.8,Side Plank,,,,+2 kg. (57 sek.),1.0,56.8,
2025-07-29,56.8,Side Plank,,,,1.03 min.,1.0,56.8,
2025-07-29,56.8,Lying Leg Curl,7.0,25.0,,,0.05,2.84,14.9
2025-07-29,56.8,Lying Leg Curl,11.0,22.0,,,0.05,2.84,20.7
2025-07-29,56.8,Lying Leg Curl,15.0,14.0,,,0.05,2.84,22.7
2025-07-29,56.8,Machine Calf Raise,27.0,17.0,,,1.0,56.8,71.6
2025-07-29,56.8,Machine Calf Raise,27.0,22.0,,,1.0,56.8,85.5
2025-07-29,56.8,Leg Extension,1.0,30.0,,,0.05,2.84,4.7
2025-07-29,56.8,Leg Extension,10.0,7.0,,Pradejo skaudet kairi kelia,0.05,2.84,12.6
2025-07-29,56.8,Leg Extension,5.0,30.0,,Pailsejus pora sek praejo skausmas,0.05,2.84,12.6
2025-07-24,56.8,Smith Machine Squat,10.0,15.0,,"1.0.1 pause
1:13 min.",0.6,34.08,30.5
2025-07-24,56.8,Smith Machine Squat,10.0,17.0,,1:26 min.,0.6,34.08,33.4
2025-07-24,56.8,Smith Machine Squat,10.0,16.0,,1:05 min,0.6,34.08,32.0
2025-07-24,56.8,Sled Leg Press,1.0,35.0,,,0.1,5.68,8.6
2025-07-24,56.8,Back Extension,1.0,17.0,,,0.4,22.72,13.6
2025-07-24,56.8,Side Plank,,,,,1.0,56.8,
2025-07-24,56.8,Side Plank,,,,"Kaire ranka 28 sek + 1 kg.
Desin ranka 40 +1 kg.",1.0,56.8,
2025-07-22,56.8,Plank,,,,Viena koja,1.0,56.8,
2025-07-22,56.8,Plank,,,,Viena koja,1.0,56.8,
2025-07-22,56.8,Side Plank,,,,2 kg.,1.0,56.8,
2025-07-22,56.8,Side Plank,,,,,1.0,56.8,
2025-07-22,56.8,Standing Leg Curl,1.0,15.0,,,0.05,2.84,2.8
2025-07-22,56.8,Machine Calf Raise,18.0,20.0,,,1.0,56.8,65.3
2025-07-22,56.8,Machine Calf Raise,18.0,20.0,,,1.0,56.8,65.3
2025-07-22,56.8,Single Dumbbell Cossack Squat,1.0,10.0,,,0.6,34.08,11.5
2025-07-22,56.8,Hip Adduction,15.0,10.0,,,,,
2025-07-15,56.8,Lying Leg Curl,11.0,10.0,,,0.05,2.84,15.1
2025-07-15,56.8,Lying Leg Curl,11.0,11.0,,,0.05,2.84,15.6
2025-07-15,56.8,Machine Calf Raise,11.0,20.0,,Antras aparatas,1.0,56.8,53.8
2025-07-15,56.8,Machine Calf Raise,13.0,20.0,,,1.0,56.8,57.1
2025-07-15,56.8,Squat,1.0,25.0,,,0.6,34.08,29.0
2025-07-15,56.8,Squat,1.0,25.0,,,0.6,34.08,29.0
2025-07-15,56.8,Squat,1.0,25.0,,,0.6,34.08,29.0
2025-07-15,56.8,Plank one leg,1.0,,,Desine,1.0,56.8,
2025-07-08,56.8,Wall Sit Kick,,,,,,,
2025-07-08,56.8,One leg RDL,15.0,4.0,,,0.2,11.36,17.6
2025-07-08,56.8,One leg RDL,15.0,18.0,,,0.2,11.36,29.9
2025-07-08,56.8,Machine Calf Raise,9.0,20.0,,,1.0,56.8,50.6
2025-07-08,56.8,Machine Calf Raise,13.0,20.0,,,1.0,56.8,57.1
2025-07-08,56.8,Lying Leg Curl,15.0,11.0,,Pradejo degint kairi keli,0.05,2.84,20.9
2025-07-08,56.8,Standing Leg Curl,1.0,22.0,,Desine lankstese,0.05,2.84,3.7
2025-07-08,56.8,Standing Leg Curl,1.0,30.0,,Kaire lankstesi,0.05,2.84,4.7
2025-07-03,56.8,Balance squat,1.0,30.0,,,0.6,34.08,34.8
2025-07-03,56.8,Balance lunges twist,1.0,10.0,,,0.6,34.08,11.5
2025-07-03,56.8,Deadlift,20.0,10.0,,,0.2,11.36,29.4
2025-07-03,56.8,Deadlift,25.0,15.0,,,0.2,11.36,41.9
2025-07-03,56.8,Deadlift,25.0,30.0,,"18 su pirstinem, likusius dariau be",0.2,11.36,60.1
2025-07-03,56.8,Plank,,,,Be 1 rankos (ant kaires rankos stovejau),1.0,56.8,
2025-07-03,56.8,Plank,,,,20 kg.uzsidejau,1.0,56.8,
2025-07-03,56.8,Plank,,,,Ant desines rankos (0 SIR),1.0,56.8,
2025-07-03,56.8,Plank,,,,Ant des kojos (3 SIR),1.0,56.8,
2025-07-03,56.8,Plank,,,,Ant kai kojos (5 SIR),1.0,56.8,
2025-07-03,56.8,One Arm Dumbbell Preacher Curl,5.0,5.0,,Left,0.0,0.0,5.7
2025-07-03,56.8,One Arm Dumbbell Preacher Curl,5.0,6.0,,Right,0.0,0.0,5.8
2025-07-03,56.8,One Arm Dumbbell Preacher Curl,5.0,6.0,,Right,0.0,0.0,5.8
2025-07-03,56.8,One Arm Dumbbell Preacher Curl,5.0,6.0,,Right,0.0,0.0,5.8
2025-07-03,56.8,Chest Press,10.0,10.0,,"Both together , incline",0.0,0.0,13.0
2025-07-03,56.8,Chest Press,10.0,10.0,,Both together,0.0,0.0,13.0
2025-07-01,56.8,Squat,1.0,8.0,,Degina quads,0.6,34.08,9.1
2025-07-01,56.8,Squat,4.0,14.0,,,0.6,34.08,20.4
2025-07-01,56.8,Deadlift,15.0,15.0,,,0.2,11.36,27.3
2025-07-01,56.8,Deadlift,20.0,8.0,,,0.2,11.36,27.3
2025-07-01,56.8,Deadlift,20.0,15.0,,,0.2,11.36,34.6
2025-07-01,56.8,Deadlift,25.0,15.0,,Desines kojos kelio vidine puse pradejo skaudeti,0.2,11.36,41.9
2025-07-01,56.8,Lying Leg Curl,11.0,10.0,,,0.05,2.84,15.1
2025-07-01,56.8,Lying Leg Curl,11.0,18.0,,,0.05,2.84,18.8
2025-07-01,56.8,Machine Calf Raise,4.5,10.0,,,1.0,56.8,22.8
2025-07-01,56.8,Machine Calf Raise,9.0,15.0,,,1.0,56.8,39.6
2025-07-01,56.8,Lat Pulldown,30.0,12.0,,Close hammer,,,
2025-07-01,56.8,Lat Pulldown,33.0,8.0,,,,,
2025-07-01,56.8,Decline Sit Up,3.0,20.0,,4 dec,0.3,17.04,15.7
2025-07-01,56.8,Plank,,,,5 kg.,1.0,56.8,
2025-04-08,57.0,Back Extension,37.0,12.0,,,0.4,22.8,58.8
2025-04-08,57.0,Single Leg Press,1.5,14.0,,,0.05,2.85,3.4
2025-04-08,57.0,Hip Abduction,35.0,8.0,,,,,
2025-04-08,57.0,Hip Abduction,35.0,9.0,,,,,
2025-04-08,57.0,Dips,-45.0,8.0,,,1.0,57.0,-42.2
2025-04-08,57.0,Dips,-45.0,8.0,,,1.0,57.0,-42.2
2025-04-08,57.0,Pull Ups,-37.0,7.0,,,1.0,57.0,-33.0
2025-04-08,57.0,Pull Ups,-37.0,4.0,,,1.0,57.0,-35.0
2025-04-04,57.0,Dips,-45.0,11.0,,,1.0,57.0,-41.0
2025-04-04,57.0,Pull Ups,-37.0,7.0,,,1.0,57.0,-33.0
2025-04-04,57.0,Decline Sit Up,2.0,20.0,,6 dec,0.3,17.099999999999998,14.1
2025-04-04,57.0,Hip Abduction,37.5,12.0,,,,,
2025-04-04,57.0,Hip Abduction,35.0,5.0,,,,,
2025-04-04,57.0,Hip Abduction,30.0,15.0,,,,,
2025-04-04,57.0,Hip Adduction,22.5,10.0,,,,,
2025-04-04,57.0,Hip Adduction,22.5,16.0,,,,,
2025-04-04,57.0,Dumbbell Shoulder Press,3.0,10.0,,,0.0,0.0,3.9
2025-04-02,57.0,Romanian Deadlift,50.0,8.0,,,0.2,11.4,64.3
2025-04-02,57.0,Back Extension,37.0,10.0,,,0.4,22.8,54.9
2025-03-28,57.0,Dumbbell Lunge,8.0,10.0,,,0.6,34.199999999999996,20.6
2025-03-28,57.0,Romanian Deadlift,40.0,10.0,,,0.2,11.4,55.4
2025-03-28,57.0,Back Extension,22.0,10.0,,1 guma,0.4,22.8,35.4
2025-03-28,57.0,Back Extension,30.0,10.0,,1 guma,0.4,22.8,45.8
2025-03-28,57.0,Back Extension,30.0,10.0,,2 gumos,0.4,22.8,45.8
2025-03-28,57.0,Good Morning,12.0,10.0,,,,,
2025-03-28,57.0,Pull Ups,-37.0,6.0,,,1.0,57.0,-33.7
2025-03-28,57.0,Dips,-47.0,10.0,,,1.0,57.0,-44.0
2025-03-28,57.0,Hip Abduction,35.0,12.0,,,,,
2025-03-28,57.0,Hip Adduction,20.0,9.0,,,,,
2025-03-18,57.0,Hip Thrust,72.0,4.0,,,0.4,22.8,81.4
2025-03-18,57.0,Hip Thrust,45.0,19.0,,,0.4,22.8,85.6
2025-03-18,57.0,Pull Ups,-32.0,5.0,,,1.0,57.0,-28.7
2025-03-18,57.0,Dips,-45.0,10.0,,,1.0,57.0,-41.4
2025-03-18,57.0,Hip Abduction,35.0,18.0,,,,,
2025-03-18,57.0,Hip Abduction,27.0,30.0,,,,,
2025-03-18,57.0,Dumbbell Shoulder Press,2.0,16.0,,,0.0,0.0,3.0
2025-03-18,57.0,Dumbbell Shoulder Press,2.0,20.0,,,0.0,0.0,3.3
2025-03-14,57.0,Hip Abduction,37.5,10.0,,Pilnai atsiremus nugara,,,
2025-03-14,57.0,Hip Abduction,40.0,10.0,,,,,
2025-03-14,57.0,Hip Abduction,27.0,30.0,,,,,
2025-03-14,57.0,Hip Abduction,30.0,18.0,,,,,
2025-03-14,57.0,Sled Leg Press,50.0,12.0,,,0.1,5.7,70.3
2025-03-14,57.0,Pull Ups,-27.5,1.0,,,1.0,57.0,-27.5
2025-03-14,57.0,Pull Ups,-27.5,2.0,,,1.0,57.0,-26.5
2025-03-14,57.0,Pull Ups,-30.0,3.0,,,1.0,57.0,-28.2
2025-03-14,57.0,Romanian Deadlift,40.0,12.0,,Full rom,0.2,11.4,58.8
2025-03-14,57.0,Romanian Deadlift,45.0,10.0,,,0.2,11.4,61.8
2025-03-14,57.0,Hip Thrust,45.0,25.0,,,0.4,22.8,99.1
2025-03-14,57.0,Hip Thrust,50.0,20.0,,,0.4,22.8,96.0
2025-03-11,57.0,Hip Thrust,67.5,10.0,,,0.4,22.8,94.5
2025-03-11,57.0,Hip Thrust,40.0,26.0,,,0.4,22.8,92.2
2025-03-11,57.0,Sled Leg Press,42.0,15.0,,,0.1,5.7,64.2
2025-03-11,57.0,Dips,-45.0,8.0,,,1.0,57.0,-42.2
2025-03-11,57.0,Dips,-45.0,10.0,,,1.0,57.0,-41.4
2025-03-11,57.0,Pull Ups,-30.0,3.0,,,1.0,57.0,-28.2
2025-03-11,57.0,Pull Ups,-30.0,4.0,,,1.0,57.0,-27.3
2025-03-11,57.0,Hip Abduction,35.0,12.0,,Pilnai atsiremus nugara,,,
2025-03-11,57.0,Hip Abduction,25.0,25.0,,Pilnai atsiremus nugara,,,
2025-03-11,57.0,Hip Adduction,20.0,4.0,,,,,
2025-03-11,57.0,Hip Adduction,20.0,17.0,,,,,
2025-03-07,57.0,Romanian Deadlift,35.0,8.0,,,0.2,11.4,45.8
2025-03-07,57.0,Romanian Deadlift,45.0,6.0,,,0.2,11.4,54.3
2025-03-07,57.0,Romanian Deadlift,50.0,6.0,,,0.2,11.4,60.2
2025-03-07,57.0,Hip Thrust,60.0,12.0,,,0.4,22.8,90.2
2025-03-07,57.0,Hip Thrust,65.0,8.0,,,0.4,22.8,85.4
2025-03-07,57.0,Hip Thrust,65.0,6.0,,,0.4,22.8,79.5
2025-03-07,57.0,Pull Ups,-32.5,4.0,,,1.0,57.0,-30.1
2025-03-07,57.0,Pull Ups,-32.5,4.0,,,1.0,57.0,-30.1
2025-02-28,55.0,Sled Leg Press,20.0,13.0,,,0.1,5.5,30.2
2025-02-28,55.0,Sled Leg Press,25.0,12.0,,,0.1,5.5,36.1
2025-02-28,55.0,Sled Leg Press,30.0,12.0,,,0.1,5.5,43.0
2025-02-28,55.0,Sled Leg Press,35.0,12.0,,,0.1,5.5,49.8
2025-02-28,55.0,Hip Thrust,30.0,4.0,,"Carbon aukstesnis, mentes",0.4,22.0,35.1
2025-02-28,55.0,Hip Thrust,30.0,16.0,,,0.4,22.0,55.9
2025-02-28,55.0,Hip Thrust,40.0,8.0,,,0.4,22.0,54.4
2025-02-28,55.0,Hip Thrust,47.0,8.0,,,0.4,22.0,63.0
2025-02-28,55.0,Hip Thrust,50.0,16.0,,,0.4,22.0,85.9
2025-02-28,55.0,Decline Sit Up,,10.0,,6 dec,0.3,16.5,4.9
2025-02-28,55.0,Decline Sit Up,,10.0,,6 dec,0.3,16.5,4.9
2025-02-28,55.0,Decline Sit Up,,20.0,,6 dec,0.3,16.5,10.4
2025-02-28,55.0,Pull Ups,-35.0,5.0,,,1.0,55.0,-32.4
2025-02-21,55.0,Sled Leg Press,20.0,5.0,,,0.1,5.5,23.4
2025-02-21,55.0,Sled Leg Press,15.0,15.0,,,0.1,5.5,24.5
2025-02-21,55.0,Dips,-55.0,2.0,,,1.0,55.0,-55.0
2025-02-21,55.0,Dips,-52.0,10.0,,,1.0,55.0,-51.1
2025-02-21,55.0,Pull Ups,-32.0,1.0,,,1.0,55.0,-32.0
2025-02-21,55.0,Smith Machine Squat,10.0,8.0,,Swing squat,0.6,33.0,20.0
2025-02-21,55.0,STRETCH (tempinai virvute i prieki),,,,"Desine prieki, kaire - 1.64 cm.",,,
2025-02-21,55.0,STRETCH - Virvute ,,,,,,,
2025-02-18,55.0,Push Ups,,10.0,,Nuo keliu + 15 cm.,1.0,55.0,16.4
2025-02-18,55.0,Decline Sit Up,,10.0,,2 dec,0.3,16.5,4.9
2025-02-18,55.0,Pallof Press,15.0,3.0,,,,,
2025-02-18,55.0,Pallof Press,15.0,10.0,,,,,
2025-02-18,55.0,Deadlift,30.0,28.0,,,0.2,11.0,66.8
2025-02-18,55.0,Deadlift,35.0,9.0,,,0.2,11.0,47.2
2025-02-18,55.0,Nordic Hamstring Curl,,10.0,,"Full, rankos 10 cm.",,,
2025-02-18,55.0,STRETCH (tempinai virvute i prieki),,,,,,,
2025-02-18,55.0,Hip Thrust,35.0,20.0,,Ant suoliuko,0.4,22.0,71.0
2025-02-18,55.0,Pull Ups,-37.0,1.0,,,1.0,55.0,-37.0
2025-02-18,55.0,Pull Ups,-37.0,5.0,,,1.0,55.0,-34.6
2025-02-18,55.0,Pull Ups,-35.0,4.0,,,1.0,55.0,-33.0
2025-02-18,55.0,Dips,-62.0,10.0,,,1.0,55.0,-64.1
2025-02-18,55.0,Dips,-57.0,10.0,,,1.0,55.0,-57.6
2025-02-18,55.0,Dips,-55.0,10.0,,,1.0,55.0,-55.0
2025-02-11,55.0,Dumbbell Bench Press,8.0,10.0,,,0.0,0.0,10.4
2025-02-11,55.0,Dumbbell Bench Press,9.0,10.0,,,0.0,0.0,11.7
2025-02-11,55.0,Dumbbell Bench Press,10.0,2.0,,,0.0,0.0,10.3
2025-02-11,55.0,Dumbbell Bench Press,10.0,5.0,,,0.0,0.0,11.3
2025-02-11,55.0,Dumbbell Curl,6.5,8.0,,,0.0,0.0,8.0
2025-02-11,55.0,Dumbbell Curl,7.0,3.0,,,0.0,0.0,7.5
2025-02-11,55.0,Dumbbell Curl,7.0,5.0,,,0.0,0.0,7.9
2025-02-11,55.0,Pull Ups,-45.0,7.0,,,1.0,55.0,-43.0
2025-02-11,55.0,Decline Sit Up,,30.0,,"3, tiesiom rankom",0.3,16.5,15.9
2025-02-11,55.0,Flat Bench Leg Pull In,,16.0,,"Leg 50, 140 laipsniu",,,
2025-02-07,55.0,Dumbbell Bench Press,8.0,4.0,,,0.0,0.0,8.8
2025-02-07,55.0,Dumbbell Bench Press,9.0,2.0,,,0.0,0.0,9.3
2025-02-07,55.0,Dumbbell Curl,6.5,7.0,,Desine -10,0.0,0.0,7.8
2025-02-07,55.0,Dumbbell Curl,7.0,5.0,,,0.0,0.0,7.9
2025-02-07,55.0,Wrist Curl,7.0,4.0,,"Desine skauda, su 3kg ok",,,
2025-02-07,55.0,Wrist Curl,6.0,11.0,,,,,
2025-02-07,55.0,Dumbbell Finger Curl,9.0,7.0,,,0.0,0.0,10.8
2025-02-07,55.0,Flat Bench Leg Pull In,,2.0,,"Leg 50, tiesiom",,,
2025-02-07,55.0,Tricep Pushdown,25.0,5.0,,,0.0,0.0,28.3
2025-02-07,55.0,Dumbbell Tricep Extension,3.0,4.0,,,,,
2025-02-07,55.0,Lat Pulldown,34.0,7.0,,,,,
2025-02-07,55.0,Lat Pulldown,37.0,4.0,,,,,
2025-02-04,55.0,Dumbbell Curl,6.0,7.0,,Kaire -10,0.0,0.0,7.2
2025-02-04,55.0,Dumbbell Bench Press,9.0,5.0,,,0.0,0.0,10.2
2025-02-04,55.0,Decline Sit Up,,16.0,,,0.3,16.5,8.2
2025-02-04,55.0,Lat Pulldown,34.0,1.0,,,,,
2025-02-04,55.0,Lat Pulldown,34.0,3.0,,,,,
2025-02-04,55.0,Lat Pulldown,34.0,3.0,,,,,
2025-02-04,55.0,Lat Pulldown,34.0,4.0,,,,,
2025-02-04,55.0,Lat Pulldown,34.0,7.0,,,,,
2025-02-04,55.0,Machine Calf Raise,9.0,10.0,,,1.0,55.0,28.1
2025-02-04,55.0,Dips,-60.0,5.0,,Peciai!!,1.0,55.0,-60.7
2025-02-04,55.0,Dips,-72.0,15.0,,Peciai!!,1.0,55.0,-79.9
2025-02-04,55.0,Hip Abduction,40.0,20.0,,,,,
2025-02-04,55.0,Pec fly oblique,33.0,20.0,,,,,
2025-01-31,55.0,Squat,15.0,4.0,,"Gilus 1,1,1 (su pauzem)",0.6,33.0,19.7
2025-01-31,55.0,Squat,15.0,6.0,,"Gilus 1,1,1 (su pauzem)",0.6,33.0,22.9
2025-01-31,55.0,Dumbbell Curl,6.0,9.0,,,0.0,0.0,7.6
2025-01-31,55.0,Hip Thrust,30.0,20.0,,Ant suoliuko,0.4,22.0,62.8
2025-01-28,55.0,Squat,15.0,4.0,,,0.6,33.0,19.7
2025-01-28,55.0,Squat,15.0,16.0,,,0.6,33.0,38.9
2025-01-28,55.0,Squat,20.0,11.0,,,0.6,33.0,37.6
2025-01-28,55.0,Dumbbell Curl,6.0,5.0,,,0.0,0.0,6.8
2025-01-28,55.0,Dumbbell Curl,6.0,7.0,,,0.0,0.0,7.2
2025-01-28,55.0,Deadlift,15.0,8.0,,,0.2,11.0,21.0
2025-01-28,55.0,Deadlift,22.5,8.0,,,0.2,11.0,30.3
2025-01-28,55.0,Deadlift,30.0,8.0,,,0.2,11.0,39.5
2025-01-28,55.0,Deadlift,35.0,2.0,,,0.2,11.0,36.5
2025-01-28,55.0,Deadlift,35.0,14.0,,,0.2,11.0,54.9
2025-01-28,55.0,Bench Press,22.5,2.0,,,0.0,0.0,23.2
2025-01-28,55.0,Bench Press,22.5,4.0,,,0.0,0.0,24.7
2025-01-28,55.0,Lat Pulldown,30.0,3.0,,,,,
2025-01-28,55.0,Lat Pulldown,37.0,3.0,,,,,
2025-01-28,55.0,Hip Abduction,40.0,15.0,,,,,
2025-01-28,55.0,Hip Abduction,55.0,8.0,,,,,
2025-01-28,55.0,Hip Abduction,45.0,12.0,,,,,
2025-01-28,55.0,Hip Adduction,15.0,10.0,,,,,
2025-01-22,55.0,Squat,15.0,14.0,,,0.6,33.0,35.7
2025-01-22,55.0,Squat,17.5,8.0,,,0.6,33.0,29.2
2025-01-22,55.0,Dumbbell Curl,6.0,8.0,,,0.0,0.0,7.4
2025-01-22,55.0,Push Ups,,10.0,,Nuo keliu + 15 cm.,1.0,55.0,16.4
2025-01-22,55.0,Decline Sit Up,,10.0,,2 dec,0.3,16.5,4.9
2025-01-22,55.0,Pallof Press,15.0,3.0,,,,,
2025-01-22,55.0,Pallof Press,15.0,10.0,,,,,
2025-01-22,55.0,Deadlift,17.5,8.0,,,0.2,11.0,24.1
2025-01-22,55.0,Deadlift,25.0,30.0,,,0.2,11.0,59.7
2025-01-22,55.0,Nordic Hamstring Curl,,10.0,,"Full, rankos 10 cm.",,,
2025-01-22,55.0,STRETCH (tempinai virvute i prieki),,,,,,,
2025-01-17,55.0,Hip Thrust,15.0,2.0,,,0.4,22.0,16.2
2025-01-17,55.0,Hip Thrust,15.0,7.0,,+2 gumos,0.4,22.0,22.4
2025-01-17,55.0,Roman Chair Side Bend,4.0,4.0,,,0.3,16.5,6.0
2025-01-17,55.0,Machine Back Extension,15.0,12.0,,,,,
2025-01-17,55.0,Dumbbell Preacher Curl,4.5,2.0,,,,,
2025-01-17,55.0,Dumbbell Preacher Curl,4.5,2.0,,,,,
2025-01-17,55.0,Dumbbell Preacher Curl,4.5,2.0,,,,,
2025-01-17,55.0,Dumbbell Preacher Curl,5.0,2.0,,R 5.5,,,
2025-01-17,55.0,T Bar Row,15.0,8.0,,,,,
2025-01-17,55.0,Bench Press,17.5,12.0,,,0.0,0.0,23.9
2025-01-17,55.0,Bench Press,20.0,11.0,,,0.0,0.0,26.6
2025-01-17,55.0,Pull Ups,-42.0,2.0,,,1.0,55.0,-41.6
2025-01-15,55.0,Hanging Knee Raise,,12.0,,90/120,,,
2025-01-15,55.0,Hanging Knee Raise,,10.0,,90/120,,,
2025-01-15,55.0,Hanging Knee Raise,,15.0,,,,,
2025-01-15,55.0,Squat,12.0,9.0,,,0.6,33.0,23.9
2025-01-15,55.0,Squat,15.0,8.0,,,0.6,33.0,26.1
2025-01-15,55.0,Squat,15.0,8.0,,,0.6,33.0,26.1
2025-01-15,55.0,Squat,12.0,12.0,,,0.6,33.0,28.4
2025-01-15,55.0,Deadlift,20.0,18.0,,,0.2,11.0,37.5
2025-01-15,55.0,Deadlift,25.0,15.0,,,0.2,11.0,41.7
2025-01-15,55.0,Deadlift,25.0,10.0,,,0.2,11.0,35.8
2025-01-15,55.0,Dumbbell Preacher Curl,4.0,6.0,,,,,
2025-01-15,55.0,Dumbbell Preacher Curl,4.0,8.0,,,,,
2025-01-15,55.0,Dumbbell Preacher Curl,5.0,12.0,,,,,
2025-01-15,55.0,Dumbbell Preacher Curl,5.0,12.0,,,,,
2025-01-15,55.0,Lat Pulldown,20.0,6.0,,,,,
2025-01-15,55.0,Lat Pulldown,25.0,9.0,,,,,
2025-01-15,55.0,Lat Pulldown,30.0,5.0,,,,,
2025-01-15,55.0,Lat Pulldown,30.0,6.0,,,,,
2025-01-15,55.0,Hip Abduction,30.0,16.0,,,,,
2025-01-15,55.0,Hip Abduction,30.0,15.0,,,,,
2025-01-15,55.0,Hip Abduction,35.0,10.0,,,,,
2025-01-07,55.0,Squat,9.5,5.0,,,0.6,33.0,15.1
2025-01-07,55.0,Squat,12.0,4.0,,,0.6,33.0,16.5
2025-01-07,55.0,Squat,15.0,2.0,,,0.6,33.0,16.6
2025-01-07,55.0,Squat,15.0,9.0,,,0.6,33.0,27.7
2025-01-07,55.0,Squat,15.0,4.0,,,0.6,33.0,19.7
2025-01-07,55.0,Deadlift,30.0,3.0,,,0.2,11.0,32.7
2025-01-07,55.0,Deadlift,25.0,17.0,,,0.2,11.0,44.1
2025-01-07,55.0,Dumbbell Preacher Curl,5.0,10.0,,,,,
2025-01-07,55.0,Dumbbell Preacher Curl,5.0,6.0,,,,,
2025-01-07,55.0,Dumbbell Preacher Curl,4.0,6.0,,,,,
2025-01-07,55.0,Dumbbell Preacher Curl,4.0,6.0,,Hammer,,,
2025-01-07,55.0,Dumbbell Preacher Curl,4.0,9.0,,,,,
2025-01-07,55.0,Lat Pulldown,25.0,5.0,,,,,
2025-01-07,55.0,Lat Pulldown,25.0,5.0,,,,,
2025-01-07,55.0,Lat Pulldown,25.0,9.0,,2xpeciu,,,
2025-01-07,55.0,Hip Abduction,35.0,11.0,,,,,
2025-01-07,55.0,Hip Abduction,37.5,10.0,,,,,
2025-01-07,55.0,Tricep Pushdown,15.0,12.0,,,0.0,0.0,20.5
2025-01-07,55.0,Tricep Pushdown,20.0,5.0,,,0.0,0.0,22.6
2025-01-03,55.0,Deadlift,27.5,4.0,,,0.2,11.0,31.3
2025-01-03,55.0,Deadlift,27.5,12.0,,,0.2,11.0,41.6
2025-01-03,55.0,Deadlift,30.0,15.0,,,0.2,11.0,49.1
2025-01-03,55.0,Deadlift,30.0,12.0,,,0.2,11.0,45.0
2025-01-03,55.0,Squat,9.5,4.0,,,0.6,33.0,13.7
2025-01-03,55.0,Squat,12.0,3.0,,,0.6,33.0,15.0
2025-01-03,55.0,Squat,15.0,2.0,,,0.6,33.0,16.6
2025-01-03,55.0,Squat,15.0,9.0,,,0.6,33.0,27.7
2025-01-03,55.0,Squat,15.0,4.0,,,0.6,33.0,19.7
2025-01-03,55.0,Decline Sit Up,4.0,3.0,,3 dec,0.3,16.5,5.3
2025-01-03,55.0,Decline Sit Up,4.0,10.0,,3 dec,0.3,16.5,10.1
2025-01-03,55.0,Decline Sit Up,4.0,8.0,,4 dec,0.3,16.5,8.8
2025-01-03,55.0,Dumbbell Preacher Curl,4.0,14.0,,,,,
2025-01-03,55.0,Dumbbell Preacher Curl,5.0,5.0,,,,,
2025-01-03,55.0,Dumbbell Preacher Curl,5.0,8.0,,,,,
2025-01-03,55.0,Chest Press,7.5,9.0,,Both together,0.0,0.0,9.5
2025-01-03,55.0,Chest Press,7.5,10.0,,Both together,0.0,0.0,9.7
2025-01-03,55.0,Hip Abduction,25.0,2.0,,,,,
2025-01-03,55.0,Hip Abduction,25.0,12.0,,,,,
2025-01-03,55.0,Hip Abduction,30.0,7.0,,,,,
2025-01-03,55.0,Hip Abduction,35.0,12.0,,,,,
2025-01-03,55.0,Hip Abduction,37.5,10.0,,,,,
2025-01-03,55.0,Hip Abduction,42.5,5.0,,,,,
2025-01-03,55.0,Lat Pulldown,25.0,4.0,,Wide,,,
2025-01-03,55.0,Lat Pulldown,25.0,7.0,,,,,
2024-12-27,55.0,Squat,9.5,18.0,,,0.6,33.0,33.5
2024-12-27,55.0,Squat,12.0,14.0,,,0.6,33.0,31.4
2024-12-27,55.0,Squat,12.0,9.0,,,0.6,33.0,23.9
2024-12-27,55.0,Deadlift,20.0,5.0,,,0.2,11.0,24.1
2024-12-27,55.0,Deadlift,25.0,4.0,,,0.2,11.0,28.6
2024-12-27,55.0,Deadlift,25.0,17.0,,,0.2,11.0,44.1
2024-12-27,55.0,Deadlift,27.5,14.0,,,0.2,11.0,44.1
2024-12-27,55.0,Dumbbell Preacher Curl,4.0,16.0,,,,,
2024-12-27,55.0,Dumbbell Preacher Curl,4.0,16.0,,,,,
2024-12-27,55.0,Chest Press,5.0,16.0,,Both together,0.0,0.0,7.5
2024-12-27,55.0,Chest Press,5.0,10.0,,,0.0,0.0,6.5
2024-12-27,55.0,One Arm Incline Dumbbell Lateral Raise,1.3,16.0,,,0.0,0.0,1.9
2024-12-27,55.0,One Arm Incline Dumbbell Lateral Raise,2.0,8.0,,Sulenkta ranka,0.0,0.0,2.5
2024-12-27,55.0,Reverse Grip Lat Pulldown,20.0,17.0,,,0.0,0.0,30.6
2024-12-27,55.0,Lat Pulldown,20.0,13.0,,Wide,,,
2024-12-17,55.0,Squat,7.0,10.0,,"Sirgau, placiai pritupimai",0.6,33.0,18.9
2024-12-17,55.0,Deadlift,20.0,8.0,,,0.2,11.0,27.2
2024-12-17,55.0,Deadlift,20.0,10.0,,,0.2,11.0,29.3
2024-12-17,55.0,Deadlift,22.5,18.0,,,0.2,11.0,41.4
2024-12-17,55.0,Hip Abduction,15.0,10.0,,,,,
2024-12-17,55.0,Hip Abduction,20.0,15.0,,,,,
2024-12-17,55.0,Reverse Grip Lat Pulldown,20.0,7.0,,,0.0,0.0,24.0
2024-12-17,55.0,Cable Overhead Tricep Extension,15.0,12.0,,,0.0,0.0,20.5
2024-12-17,55.0,Lying Supine Dumbbell Curl,2.0,8.0,,,,,
2024-12-03,55.0,Squat,4.0,7.0,,,0.6,33.0,11.4
2024-12-03,55.0,Squat,8.0,5.0,,,0.6,33.0,13.4
2024-12-03,55.0,Squat,12.0,10.0,,,0.6,33.0,25.4
2024-12-03,55.0,Deadlift,8.0,7.0,,,0.2,11.0,11.8
2024-12-03,55.0,Deadlift,16.0,5.0,,,0.2,11.0,19.6
2024-12-03,55.0,Deadlift,22.0,4.0,,,0.2,11.0,25.3
2024-12-03,55.0,Deadlift,25.0,2.0,,,0.2,11.0,26.2
2024-12-03,55.0,Deadlift,25.0,10.0,,,0.2,11.0,35.8
2024-12-03,55.0,Cable Overhead Tricep Extension,10.0,10.0,,,0.0,0.0,13.0
2024-12-03,55.0,Cable Overhead Tricep Extension,15.0,10.0,,,0.0,0.0,19.5
2024-12-03,55.0,Cable Overhead Tricep Extension,20.0,10.0,,,0.0,0.0,26.0
2024-12-03,55.0,Lat Pulldown,10.0,10.0,,,,,
2024-12-03,55.0,Lat Pulldown,15.0,10.0,,,,,
2024-12-03,55.0,Lat Pulldown,20.0,10.0,,,,,
2024-12-03,55.0,Hip Abduction,10.0,10.0,,,,,
2024-12-03,55.0,Hip Abduction,15.0,3.0,,,,,
2024-12-03,55.0,Hip Abduction,15.0,15.0,,,,,
2024-12-03,55.0,Machine Seated Crunch,15.0,10.0,,,,,
2024-12-03,55.0,Machine Seated Crunch,19.0,12.0,,,,,
2024-12-03,55.0,Flat Bench Leg Pull In,,10.0,,Glu 0 90deg,,,
2024-11-26,55.0,Squat,12.0,5.0,,,0.6,33.0,17.9
2024-11-26,55.0,Squat,12.0,10.0,,,0.6,33.0,25.4
2024-11-26,55.0,Squat,14.5,7.0,,,0.6,33.0,23.9
2024-11-26,55.0,Deadlift,12.0,5.0,,,0.2,11.0,15.0
2024-11-26,55.0,Deadlift,20.0,5.0,,,0.2,11.0,24.1
2024-11-26,55.0,Deadlift,25.0,10.0,,,0.2,11.0,35.8
2024-11-26,55.0,Deadlift,30.0,1.0,,,0.2,11.0,30.0
2024-11-26,55.0,Deadlift,30.0,4.0,,,0.2,11.0,34.1
